Property ID,Status,Location Address,GPS Latitude,GPS Longitude,Field Agent,Last Modified,Import Date,Flagged Date
239285,Missing,"TSAKANE STREET LAWLEY ESTATE LENASIA 1824 GT 79800121 JHB [-26.38452229546135, 27.81070212086099]",,,No Agent,2025-04-24 14:35:37.852245+02,2025-07-21T09:06:32.802Z,2025-07-21
239286,Missing,7819 THIRD AVENUE LAWLEY ESTATE LENASIA 1824 GT 79800121 JHB,,,No Agent,2025-04-24 14:35:40.208956+02,2025-07-21T09:06:32.802Z,2025-07-21
242951,Missing,7886 THIRD AVENUE LAWLEY ESTATE LENASIA 1824 GT 79800121 JHB,,,No Agent,2025-04-29 14:29:04.859632+02,2025-07-21T09:06:31.965Z,2025-07-21
242952,Missing,"MOKOENA STREET LAWLEY ESTATE LENASIA 1824 GT 79800121 JHB [-26.383450000082735, 27.8110448088172]",,,No Agent,2025-04-29 14:29:05.153954+02,2025-07-21T09:06:31.965Z,2025-07-21
242953,Missing,"UNNAMED LAWLEY ESTATE LENASIA 1824 GT 79800121 JHB [-26.3832089, 27.8125464]",-26.3832089,27.8125464,No Agent,2025-04-29 14:29:06.021372+02,2025-07-21T07:56:04.601Z,2025-07-21
242954,Missing,"UNNAMED LAWLEY ESTATE LENASIA 1824 GT 79800121 JHB [-26.38316303702214, 27.81287741159725]",-26.3831630370221,27.8128774115972,No Agent,2025-04-29 14:29:07.085304+02,2025-07-21T07:56:04.125Z,2025-07-21
242955,Missing,"LOUIS STREET LAWLEY ESTATE LENASIA 1824 GT 79800008 JHB [-26.377765468023043, 27.808217086979596]",-26.377765468023,27.8082170869796,No Agent,2025-04-29 14:29:07.858939+02,2025-07-21T07:56:44.205Z,2025-07-21
242956,Missing,"LOUIS STREET LAWLEY ESTATE LENASIA 1824 GT 79800008 JHB [-26.377765468023043, 27.808217086979596]",-26.377765468023,27.8082170869796,No Agent,2025-04-29 14:29:08.080413+02,2025-07-21T07:56:44.388Z,2025-07-21
242960,Missing,7859 LAWLEY ESTATE LENASIA 1824 GT 79800121 JHB,-26.3825576886414,27.8124124870588,No Agent,2025-04-29 14:30:35.079475+02,2025-07-21T09:04:54.862Z,2025-07-21
242961,Missing,7890 THIRD AVENUE LAWLEY ESTATE LENASIA 1824 GT 79800121 JHB,,,No Agent,2025-04-29 14:30:35.274163+02,2025-07-21T09:06:32.801Z,2025-07-21
242962,Missing,7836 THIRD AVENUE LAWLEY ESTATE LENASIA 1824 GT 79800121 JHB,-26.3828209135589,27.8107026518193,No Agent,2025-04-29 14:30:35.549621+02,2025-07-21T09:04:58.741Z,2025-07-21
242963,Missing,7847 LAWLEY ESTATE LENASIA 1824 GT 79800121 JHB,-26.3827272528073,27.8114592813653,No Agent,2025-04-29 14:30:36.026934+02,2025-07-21T09:04:56.045Z,2025-07-21
242965,Missing,7977 THIRD AVENUE LAWLEY ESTATE LENASIA 1824 GT 79800121 JHB,,,No Agent,2025-04-29 14:30:40.56119+02,2025-07-21T09:06:32.802Z,2025-07-21
242966,Missing,"UNNAMED LAWLEY ESTATE LENASIA 1824 GT 79800121 JHB [-26.383163519669175, 27.812873806143713]",-26.3831635196692,27.8128738061437,No Agent,2025-04-29 14:30:45.039033+02,2025-07-21T07:56:03.908Z,2025-07-21
242967,Missing,7838 LAWLEY ESTATE LENASIA 1824 GT 79800121 JHB,,,No Agent,2025-04-29 14:30:43.078071+02,2025-07-21T09:06:31.965Z,2025-07-21
242968,Missing,7838 LAWLEY ESTATE LENASIA 1824 GT 79800121 JHB,,,No Agent,2025-04-29 14:30:43.291681+02,2025-07-21T09:06:31.965Z,2025-07-21
242969,Missing,7837 LAWLEY ESTATE LENASIA 1824 GT 79800121 JHB,-26.3828139770966,27.8107030662007,No Agent,2025-04-29 14:30:43.423232+02,2025-07-21T09:04:59.798Z,2025-07-21
242970,Missing,7842 LAWLEY ESTATE LENASIA 1824 GT 79800121 JHB,-26.3827971785992,27.8110888894116,No Agent,2025-04-29 14:30:43.605431+02,2025-07-21T09:04:57.206Z,2025-07-21
242971,Missing,7836 THIRD AVENUE LAWLEY ESTATE LENASIA 1824 GT 79800121 JHB,-26.382821018914,27.8106988755712,No Agent,2025-04-29 14:31:26.617943+02,2025-07-21T09:05:01.229Z,2025-07-21
243274,Missing,7996 THIRD AVENUE LAWLEY ESTATE LENASIA 1824 GT 79800121 JHB,,,No Agent,2025-04-29 17:46:50.168621+02,2025-07-21T09:06:32.802Z,2025-07-21
243360,Missing,6847 LAWLEY ESTATE LENASIA 1824 GT 79800008 JHB,-26.3777731907063,27.8100208169832,No Agent,2025-04-30 08:46:06.46098+02,2025-07-21T07:57:15.900Z,2025-07-21
243529,Missing,8079 LAWLEY ESTATE LENASIA 1824 GT 79800121 JHB,,,No Agent,2025-04-30 10:05:14.370227+02,2025-07-21T09:06:32.804Z,2025-07-21
243530,Missing,8085 LAWLEY ESTATE LENASIA 1824 GT 79800121 JHB,,,No Agent,2025-04-30 10:05:16.567496+02,2025-07-21T09:06:32.804Z,2025-07-21
243531,Missing,8086 LAWLEY ESTATE LENASIA 1824 GT 79800121 JHB,,,No Agent,2025-04-30 10:05:14.825537+02,2025-07-21T09:06:32.804Z,2025-07-21
243532,Missing,8087 LAWLEY ESTATE LENASIA 1824 GT 79800121 JHB,,,No Agent,2025-04-30 10:05:14.994964+02,2025-07-21T09:06:32.804Z,2025-07-21
243533,Missing,8078 FOURTH AVENUE LAWLEY ESTATE LENASIA 1824 GT 79800121 JHB,,,No Agent,2025-04-30 10:05:15.163517+02,2025-07-21T09:06:32.804Z,2025-07-21
243534,Missing,8086 LAWLEY ESTATE LENASIA 1824 GT 79800121 JHB,,,No Agent,2025-04-30 10:05:15.343583+02,2025-07-21T09:06:32.804Z,2025-07-21
243546,Missing,8086 LAWLEY ESTATE LENASIA 1824 GT 79800121 JHB,,,No Agent,2025-04-30 10:09:17.256927+02,2025-07-21T09:06:32.804Z,2025-07-21
243557,Missing,8038 THIRD AVENUE LAWLEY ESTATE LENASIA 1824 GT 79800121 JHB,,,No Agent,2025-04-30 10:13:52.445876+02,2025-07-21T09:06:33.318Z,2025-07-21
243558,Missing,8025 LAWLEY ESTATE LENASIA 1824 GT 79800121 JHB,,,No Agent,2025-04-30 10:13:54.186527+02,2025-07-21T09:06:33.318Z,2025-07-21
243566,Missing,8016 LAWLEY ESTATE LENASIA 1824 GT 79800121 JHB,,,No Agent,2025-04-30 10:17:49.441834+02,2025-07-21T09:06:33.318Z,2025-07-21
243569,Missing,8098 LAWLEY ESTATE LENASIA 1824 GT 79800121 JHB,,,No Agent,2025-04-30 10:19:51.054219+02,2025-07-21T09:06:32.804Z,2025-07-21
243583,Missing,8078 FOURTH AVENUE LAWLEY ESTATE LENASIA 1824 GT 79800121 JHB,,,No Agent,2025-04-30 10:28:24.539286+02,2025-07-21T09:06:32.804Z,2025-07-21
243584,Missing,8089 LAWLEY ESTATE LENASIA 1824 GT 79800121 JHB,,,No Agent,2025-04-30 10:28:24.831243+02,2025-07-21T09:06:32.804Z,2025-07-21
243677,Missing,7817 LAWLEY ESTATE LENASIA 1824 GT 79800121 JHB,,,No Agent,2025-04-30 11:10:11.79313+02,2025-07-21T09:06:31.961Z,2025-07-21
243715,Missing,8033 LAWLEY ESTATE LENASIA 1824 GT 79800121 JHB,,,No Agent,2025-04-30 11:32:31.974638+02,2025-07-21T09:06:33.317Z,2025-07-21
243716,Missing,8093 LAWLEY ESTATE LENASIA 1824 GT 79800121 JHB,,,No Agent,2025-04-30 11:32:33.567122+02,2025-07-21T09:06:32.804Z,2025-07-21
243717,Missing,8097 LAWLEY ESTATE LENASIA 1824 GT 79800121 JHB,,,No Agent,2025-04-30 11:32:35.886333+02,2025-07-21T09:06:33.317Z,2025-07-21
243719,Missing,8076 LAWLEY ESTATE LENASIA 1824 GT 79800121 JHB,,,No Agent,2025-04-30 11:32:37.673665+02,2025-07-21T09:06:31.960Z,2025-07-21
243720,Missing,8104 LAWLEY ESTATE LENASIA 1824 GT 79800121 JHB,,,No Agent,2025-04-30 11:32:40.923991+02,2025-07-21T09:06:31.961Z,2025-07-21
243721,Missing,8107 LAWLEY ESTATE LENASIA 1824 GT 79800121 JHB,,,No Agent,2025-04-30 11:32:41.357071+02,2025-07-21T09:06:31.961Z,2025-07-21
243722,Missing,8107 LAWLEY ESTATE LENASIA 1824 GT 79800121 JHB,,,No Agent,2025-04-30 11:32:41.634947+02,2025-07-21T09:06:31.961Z,2025-07-21
243748,Missing,8386 LAWLEY ESTATE LENASIA 1824 GT 79800121 JHB,-26.383275013189,27.8130977382849,No Agent,2025-04-30 11:51:43.912301+02,2025-07-21T07:56:03.662Z,2025-07-21
243780,Missing,8580 LAWLEY ESTATE LENASIA 1824 GT 79800121 JHB,-26.3841204847743,27.8132429117519,No Agent,2025-04-30 12:06:24.704738+02,2025-07-21T07:56:01.716Z,2025-07-21
243891,Missing,7351 LAWLEY ESTATE LENASIA 1824 GT 79800008 JHB,-26.3810684442836,27.8126887826689,No Agent,2025-04-30 13:32:50.700071+02,2025-07-21T07:56:07.489Z,2025-07-21
243892,Missing,7351 LAWLEY ESTATE LENASIA 1824 GT 79800008 JHB,-26.3810684442836,27.8126887826689,No Agent,2025-04-30 13:32:50.933615+02,2025-07-21T07:56:07.241Z,2025-07-21
243893,Missing,7355 LAWLEY ESTATE LENASIA 1824 GT 79800008 JHB,-26.3803759693014,27.8125456339883,No Agent,2025-04-30 13:32:52.051753+02,2025-07-21T07:56:08.376Z,2025-07-21
243894,Missing,7343 LAWLEY ESTATE LENASIA 1824 GT 79800008 JHB,-26.3799758929056,27.8124653381155,No Agent,2025-04-30 13:32:52.605515+02,2025-07-21T09:04:48.259Z,2025-07-21
243911,Missing,7992 LAWLEY ESTATE LENASIA 1824 GT 79800121 JHB,,,No Agent,2025-04-30 13:51:28.048391+02,2025-07-21T09:06:32.802Z,2025-07-21
243913,Missing,6892 LAWLEY ESTATE LENASIA 1824 GT 79800008 JHB,-26.3779877483259,27.8086945893199,No Agent,2025-04-30 13:51:32.771061+02,2025-07-21T07:57:06.961Z,2025-07-21
243914,Missing,7540 LAWLEY ESTATE LENASIA 1824 GT 79800121 JHB,-26.3821055221706,27.8123667289921,No Agent,2025-04-30 13:51:35.078876+02,2025-07-21T09:04:51.913Z,2025-07-21
244446,Missing,6369 LAWLEY ESTATE LENASIA 1824 GT 79800008 JHB,-26.3775816986404,27.8086496152293,No Agent,2025-05-01 09:56:10.269861+02,2025-07-21T07:57:10.288Z,2025-07-21
244448,Missing,6995 LAWLEY ESTATE LENASIA 1824 GT 79800008 JHB,-26.3807720118064,27.8117594505389,No Agent,2025-05-01 09:56:11.570365+02,2025-07-21T09:04:48.950Z,2025-07-21
244452,Missing,"KUNENE STREET LAWLEY ESTATE LENASIA 1824 GT 79800008 JHB [-26.380787034377363, 27.81186947454195]",-26.3807870343774,27.811869474542,No Agent,2025-05-01 09:59:43.979963+02,2025-07-21T09:04:49.706Z,2025-07-21
244453,Missing,7097 LAWLEY ESTATE LENASIA 1824 GT 79800008 JHB,-26.3807865303111,27.8118711418108,No Agent,2025-05-01 09:59:44.356881+02,2025-07-21T09:04:50.088Z,2025-07-21
244454,Missing,7097 LAWLEY ESTATE LENASIA 1824 GT 79800008 JHB,-26.3807851121921,27.8118709903476,No Agent,2025-05-01 09:59:44.683171+02,2025-07-21T09:04:49.528Z,2025-07-21
244525,Missing,8171 LAWLEY ESTATE LENASIA 1824 GT 79800121 JHB,,,No Agent,2025-05-01 10:52:41.232326+02,2025-07-21T09:06:31.389Z,2025-07-21
244548,Missing,8175 LAWLEY ESTATE LENASIA 1824 GT 79800121 JHB,,,No Agent,2025-05-01 11:02:53.44804+02,2025-07-21T09:06:35.557Z,2025-07-21
244672,Missing,"LOUIS STREET LAWLEY ESTATE LENASIA 1824 GT 79800008 JHB [-26.3777699, 27.8088079]",-26.3777699,27.8088079,No Agent,2025-05-01 12:38:51.948171+02,2025-07-21T07:57:07.211Z,2025-07-21
244674,Missing,622 BASS PLACE LAWLEY LENASIA 1824 GT 79800121 JHB,,,No Agent,2025-05-01 12:40:00.584631+02,2025-07-21T09:06:36.118Z,2025-07-21
245486,Missing,8221 LAWLEY ESTATE LENASIA 1824 GT 79800121 JHB,-26.3858888253008,27.8134211552968,No Agent,2025-05-02 11:41:02.692108+02,2025-07-21T07:55:57.596Z,2025-07-21
245487,Missing,8227 LAWLEY ESTATE LENASIA 1824 GT 79800121 JHB,-26.3861485884447,27.8125572429734,No Agent,2025-05-02 11:41:39.927496+02,2025-07-21T07:55:58.468Z,2025-07-21
245531,Missing,8227 LAWLEY ESTATE LENASIA 1824 GT 79800121 JHB,-26.3861485884447,27.8125572429734,No Agent,2025-05-02 12:17:24.458499+02,2025-07-21T07:55:58.656Z,2025-07-21
245532,Missing,8227 LAWLEY ESTATE LENASIA 1824 GT 79800121 JHB,-26.3861485884447,27.8125572429734,No Agent,2025-05-02 12:17:24.632595+02,2025-07-21T07:55:58.858Z,2025-07-21
245533,Missing,8229 LAWLEY ESTATE LENASIA 1824 GT 79800121 JHB,,,No Agent,2025-05-02 12:17:24.743499+02,2025-07-21T09:06:33.318Z,2025-07-21
245535,Missing,8229 LAWLEY ESTATE LENASIA 1824 GT 79800121 JHB,,,No Agent,2025-05-02 12:17:24.970358+02,2025-07-21T09:06:33.318Z,2025-07-21
245536,Missing,8229 LAWLEY ESTATE LENASIA 1824 GT 79800121 JHB,,,No Agent,2025-05-02 12:17:25.076121+02,2025-07-21T09:06:33.318Z,2025-07-21
245819,Missing,8201 LAWLEY ESTATE LENASIA 1824 GT 79800121 JHB,,,No Agent,2025-05-02 14:12:24.224226+02,2025-07-21T09:06:33.957Z,2025-07-21
245820,Missing,8206 LAWLEY ESTATE LENASIA 1824 GT 79800121 JHB,,,No Agent,2025-05-02 14:12:24.708442+02,2025-07-21T09:06:33.318Z,2025-07-21
245821,Missing,8206 LAWLEY ESTATE LENASIA 1824 GT 79800121 JHB,,,No Agent,2025-05-02 14:12:24.884987+02,2025-07-21T09:06:33.318Z,2025-07-21
245822,Missing,8206 LAWLEY ESTATE LENASIA 1824 GT 79800121 JHB,,,No Agent,2025-05-02 14:12:25.039536+02,2025-07-21T09:06:33.318Z,2025-07-21
245823,Missing,38 BONITO CRESCENT LAWLEY LENASIA 1824 GT 79800121 JHB,,,No Agent,2025-05-02 14:12:25.242279+02,2025-07-21T09:06:33.318Z,2025-07-21
245824,Missing,38 BONITO CRESCENT LAWLEY LENASIA 1824 GT 79800121 JHB,,,No Agent,2025-05-02 14:12:25.51726+02,2025-07-21T09:06:33.318Z,2025-07-21
245825,Missing,38 BONITO CRESCENT LAWLEY LENASIA 1824 GT 79800121 JHB,,,No Agent,2025-05-02 14:12:25.740118+02,2025-07-21T09:06:33.318Z,2025-07-21
245826,Missing,8226 LAWLEY ESTATE LENASIA 1824 GT 79800121 JHB,-26.3861452264928,27.8125579997437,No Agent,2025-05-02 14:12:26.447749+02,2025-07-21T07:55:58.252Z,2025-07-21
245827,Missing,8045 THIRD AVENUE LAWLEY ESTATE LENASIA 1824 GT 79800121 JHB,,,No Agent,2025-05-02 14:12:27.264364+02,2025-07-21T09:06:33.317Z,2025-07-21
245828,Missing,8163 LAWLEY ESTATE LENASIA 1824 GT 79800121 JHB,,,No Agent,2025-05-02 14:12:29.418758+02,2025-07-21T09:06:33.958Z,2025-07-21
245829,Missing,8120 LAWLEY ESTATE LENASIA 1824 GT 79800121 JHB,,,No Agent,2025-05-02 14:12:30.68206+02,2025-07-21T09:06:31.960Z,2025-07-21
245839,Missing,8132 LAWLEY ESTATE LENASIA 1824 GT 79800121 JHB,,,No Agent,2025-05-02 14:16:04.608884+02,2025-07-21T09:06:33.958Z,2025-07-21
245939,Missing,8117 LAWLEY ESTATE LENASIA 1824 GT 79800121 JHB,,,No Agent,2025-05-02 14:56:35.901755+02,2025-07-21T09:06:31.389Z,2025-07-21
246957,Missing,8064 LAWLEY ESTATE LENASIA 1824 GT 79800121 JHB,,,No Agent,2025-05-05 08:35:38.733243+02,2025-07-21T09:06:33.317Z,2025-07-21
246974,Missing,7165 SECOND AVENUE LAWLEY ESTATE LENASIA 1824 GT 79800008 JHB,-26.3790768162918,27.8122835097511,No Agent,2025-05-05 08:56:14.599714+02,2025-07-21T09:04:46.701Z,2025-07-21
247179,Missing,6933 LAWLEY ESTATE LENASIA 1824 GT 79800008 JHB,-26.3784615980546,27.8108944024974,No Agent,2025-05-05 10:09:09.032732+02,2025-07-21T07:57:31.085Z,2025-07-21
247180,Missing,6917 LAWLEY ESTATE LENASIA 1824 GT 79800008 JHB,-26.3781748697837,27.8103986003223,No Agent,2025-05-05 10:09:20.016495+02,2025-07-21T07:57:05.695Z,2025-07-21
247196,Missing,7173 LAWLEY ESTATE LENASIA 1824 GT 79800008 JHB,-26.3775943408117,27.8120032940482,No Agent,2025-05-05 10:16:13.777838+02,2025-07-21T07:57:25.618Z,2025-07-21
247197,Missing,7100 LOUIS STREET LAWLEY ESTATE LENASIA 1824 GT 79800008 JHB,-26.3768027245564,27.8119953225126,No Agent,2025-05-05 10:16:15.899547+02,2025-07-21T07:56:40.340Z,2025-07-21
247351,Missing,7137 LAWLEY ESTATE LENASIA 1824 GT 79800008 JHB,-26.3769751266853,27.8124138324317,No Agent,2025-05-05 11:11:06.443171+02,2025-07-21T07:57:23.554Z,2025-07-21
247372,Missing,6329 LAWLEY ESTATE LENASIA 1824 GT 79800008 JHB,-26.3770763815129,27.8103278395876,No Agent,2025-05-05 11:19:12.832828+02,2025-07-21T07:57:14.217Z,2025-07-21
247420,Missing,7131 LAWLEY ESTATE LENASIA 1824 GT 79800008 JHB,-26.3768991132822,27.8129033381306,No Agent,2025-05-05 11:35:21.870801+02,2025-07-21T07:56:25.387Z,2025-07-21
247463,Missing,7108 LOUIS STREET LAWLEY ESTATE LENASIA 1824 GT 79800008 JHB,-26.3766298396607,27.8131035237232,No Agent,2025-05-05 11:48:30.560218+02,2025-07-21T07:56:26.596Z,2025-07-21
247589,Missing,6386 LAWLEY ESTATE LENASIA 1824 GT 79800008 JHB,-26.3775842873996,27.8071048383843,No Agent,2025-05-05 12:27:05.026929+02,2025-07-21T07:56:46.385Z,2025-07-21
247682,Missing,6412 LAWLEY ESTATE LENASIA 1824 GT 79800121 JHB,-26.3781181011054,27.805184467337,No Agent,2025-05-05 13:10:09.141729+02,2025-07-21T07:56:55.930Z,2025-07-21
247703,Missing,6368 LAWLEY ESTATE LENASIA 1824 GT 79800008 JHB,-26.3775702901575,27.8086434566696,No Agent,2025-05-05 13:20:58.348618+02,2025-07-21T07:57:10.775Z,2025-07-21
248342,Missing,"SECOND AVENUE LAWLEY ESTATE LENASIA 1824 GT 79800008 JHB [-26.374390885556934, 27.810858273691295]",-26.3743908855569,27.8108582736913,No Agent,2025-05-06 09:20:01.779883+02,2025-07-21T07:55:54.282Z,2025-07-21
248404,Missing,"SECOND AVENUE LAWLEY ESTATE LENASIA 1824 GT 79800008 JHB [-26.37343864599242, 27.80939371844734]",-26.3734386459924,27.8093937184473,No Agent,2025-05-06 09:47:55.025041+02,2025-07-21T07:55:52.313Z,2025-07-21
248493,Missing,"SECOND AVENUE LAWLEY ESTATE LENASIA 1824 GT 79800008 JHB [-26.375376503639636, 27.81138706276722]",-26.3753765036396,27.8113870627672,No Agent,2025-05-06 10:11:55.41699+02,2025-07-21T07:56:35.528Z,2025-07-21
248494,Missing,"FOURTH AVENUE LAWLEY ESTATE LENASIA 1824 GT 79800008 JHB [-26.37420348863805, 27.807171268999383]",-26.374203488638,27.8071712689994,No Agent,2025-05-06 10:11:57.229668+02,2025-07-21T07:55:49.259Z,2025-07-21
248535,Missing,"FOURTH AVENUE LAWLEY ESTATE LENASIA 1824 GT 79800008 JHB [-26.37408182269747, 27.8050750980323]",-26.3740818226975,27.8050750980323,No Agent,2025-05-06 10:29:45.67524+02,2025-07-21T07:55:47.581Z,2025-07-21
248596,Missing,"FOURTH AVENUE LAWLEY ESTATE LENASIA 1824 GT 79800008 JHB [-26.3738589363389, 27.8043230049552]",-26.3738589363389,27.8043230049552,No Agent,2025-05-06 10:58:40.821419+02,2025-07-21T07:55:46.400Z,2025-07-21
248958,Missing,"FOURTH AVENUE LAWLEY ESTATE LENASIA 1824 GT 79800008 JHB [-26.373958364616538, 27.804163413601632]",-26.3739583646165,27.8041634136016,No Agent,2025-05-06 13:47:33.317157+02,2025-07-21T07:55:45.405Z,2025-07-21
248959,Missing,"FOURTH AVENUE LAWLEY ESTATE LENASIA 1824 GT 79800008 JHB [-26.37321354818264, 27.80418961703205]",-26.3732135481826,27.8041896170321,No Agent,2025-05-06 13:47:34.140942+02,2025-07-21T07:55:44.548Z,2025-07-21
248979,Missing,"SEVENTH AVENUE OPEN SPACE  364 WESTONARIA 1779 GT 79800008 JHB [-26.37149680066281, 27.803933085111947]",-26.3714968006628,27.803933085112,No Agent,2025-05-06 13:59:50.259426+02,2025-07-21T07:55:38.820Z,2025-07-21
248999,Missing,"FOURTH AVENUE LAWLEY ESTATE LENASIA 1824 GT 79800008 JHB [-26.374018339199807, 27.805422512401574]",-26.3740183391998,27.8054225124016,No Agent,2025-05-06 14:06:58.082068+02,2025-07-21T07:55:51.476Z,2025-07-21
249000,Missing,"FOURTH AVENUE LAWLEY ESTATE LENASIA 1824 GT 79800008 JHB [-26.374185462935266, 27.804395285309663]",-26.3741854629353,27.8043952853097,No Agent,2025-05-06 14:06:58.818502+02,2025-07-21T07:55:46.597Z,2025-07-21
249001,Missing,"FOURTH AVENUE LAWLEY ESTATE LENASIA 1824 GT 79800008 JHB [-26.37386501904803, 27.804310823655314]",-26.373865019048,27.8043108236553,No Agent,2025-05-06 14:06:59.734981+02,2025-07-21T07:55:46.005Z,2025-07-21
249002,Missing,"FOURTH AVENUE LAWLEY ESTATE LENASIA 1824 GT 79800008 JHB [-26.37386501904803, 27.804310823655314]",-26.373865019048,27.8043108236553,No Agent,2025-05-06 14:06:59.929679+02,2025-07-21T07:55:45.828Z,2025-07-21
249003,Missing,"FOURTH AVENUE LAWLEY ESTATE LENASIA 1824 GT 79800008 JHB [-26.37223779646667, 27.80403777882401]",-26.3722377964667,27.804037778824,No Agent,2025-05-06 14:07:00.598478+02,2025-07-21T07:55:40.608Z,2025-07-21
249049,Missing,"FOURTH AVENUE LAWLEY ESTATE LENASIA 1824 GT 79800008 JHB [-26.37055498741314, 27.804962412252753]",-26.3705549874131,27.8049624122527,No Agent,2025-05-06 14:17:41.271582+02,2025-07-21T07:55:37.159Z,2025-07-21
249053,Missing,"FOURTH AVENUE LAWLEY ESTATE LENASIA 1824 GT 79800008 JHB [-26.3706184, 27.8054672]",-26.3706184,27.8054672,No Agent,2025-05-06 14:18:30.762217+02,2025-07-21T07:55:37.366Z,2025-07-21
249060,Missing,"SEVENTH AVENUE OPEN SPACE  364 WESTONARIA 1779 GT 79800008 JHB [-26.3723974753549, 27.803668986963]",-26.3723974753549,27.803668986963,No Agent,2025-05-06 14:21:24.842486+02,2025-07-21T07:55:42.352Z,2025-07-21
249079,Missing,74 MARKET STREET LAWLEY ESTATE LENASIA 1824 GT 79800008 JHB,-26.3704369522623,27.8063847094522,No Agent,2025-05-06 14:28:47.258324+02,2025-07-21T07:55:36.260Z,2025-07-21
249324,Missing,6293 LAWLEY ESTATE LENASIA 1824 GT 79800121 JHB,-26.3777819709822,27.8057710578514,No Agent,2025-05-06 15:18:07.981859+02,2025-07-21T07:56:50.452Z,2025-07-21
251483,Missing,8130 LAWLEY ESTATE LENASIA 1824 GT 79800121 JHB,,,No Agent,2025-05-08 12:57:12.795356+02,2025-07-21T09:06:33.958Z,2025-07-21
251484,Missing,7925 LAWLEY ESTATE LENASIA 1824 GT 79800121 JHB,-26.3833412336633,27.8125642154046,No Agent,2025-05-08 12:57:13.714769+02,2025-07-21T07:56:02.636Z,2025-07-21
259460,Missing,"ANGLER STREET OPEN SPACE  364 WESTONARIA 1779 GT 79800121 JHB [-26.39028065853392, 27.791465080690333]",,,No Agent,2025-05-15 15:41:13.589603+02,2025-07-21T09:06:31.389Z,2025-07-21
259461,Missing,"ANGLER STREET OPEN SPACE  364 WESTONARIA 1779 GT 79800121 JHB [-26.390155124817205, 27.791616471410414]",,,No Agent,2025-05-15 15:41:14.29381+02,2025-07-21T09:06:31.389Z,2025-07-21
263612,Missing,7557 LAWLEY ESTATE LENASIA 1824 GT 79800121 JHB,-26.3824383752448,27.8101977278567,No Agent,2025-05-20 12:15:30.156816+02,2025-07-21T09:05:04.478Z,2025-07-21
263630,Missing,7559 LAWLEY ESTATE LENASIA 1824 GT 79800121 JHB,-26.3824857536485,27.8098634178233,No Agent,2025-05-20 12:27:49.50711+02,2025-07-21T09:05:04.895Z,2025-07-21
264336,Missing,7518 LAWLEY ESTATE LENASIA 1824 GT 79800121 JHB,-26.3825248283037,27.8095946123182,No Agent,2025-05-21 09:40:08.78506+02,2025-07-21T09:05:04.685Z,2025-07-21
264337,Missing,819 KIPPER CRESCENT LAWLEY LENASIA 1824 GT 79800121 JHB,,,No Agent,2025-05-21 09:40:09.982667+02,2025-07-21T09:06:36.118Z,2025-07-21
264440,Missing,7644 LAWLEY ESTATE LENASIA 1824 GT 79800121 JHB,,,No Agent,2025-05-21 10:46:50.611266+02,2025-07-21T09:06:31.965Z,2025-07-21
264441,Missing,7644 LAWLEY ESTATE LENASIA 1824 GT 79800121 JHB,,,No Agent,2025-05-21 10:46:51.470056+02,2025-07-21T09:06:31.965Z,2025-07-21
264484,Missing,7565 LAWLEY ESTATE LENASIA 1824 GT 79800121 JHB,-26.3827295026243,27.8090408594825,No Agent,2025-05-21 11:14:59.247861+02,2025-07-21T09:05:05.089Z,2025-07-21
264485,Missing,7641 LAWLEY ESTATE LENASIA 1824 GT 79800121 JHB,,,No Agent,2025-05-21 11:15:05.802799+02,2025-07-21T09:06:31.965Z,2025-07-21
264486,Missing,"MOKOENA STREET LAWLEY ESTATE LENASIA 1824 GT 79800121 JHB [-26.3835383, 27.8087267]",,,No Agent,2025-05-21 11:15:02.752148+02,2025-07-21T09:06:31.962Z,2025-07-21
264487,Missing,7652 LAWLEY ESTATE LENASIA 1824 GT 79800121 JHB,,,No Agent,2025-05-21 11:15:04.985264+02,2025-07-21T09:06:31.961Z,2025-07-21
264514,Missing,"MOKOENA STREET LAWLEY ESTATE LENASIA 1824 GT 79800121 JHB [-26.3833765, 27.8084186]",,,No Agent,2025-05-21 11:31:14.224692+02,2025-07-21T09:06:31.961Z,2025-07-21
264516,Missing,7659 LAWLEY ESTATE LENASIA 1824 GT 79800121 JHB,,,No Agent,2025-05-21 11:31:16.611372+02,2025-07-21T09:06:31.961Z,2025-07-21
264544,Missing,7659 LAWLEY ESTATE LENASIA 1824 GT 79800121 JHB,,,No Agent,2025-05-21 11:45:27.095063+02,2025-07-21T09:06:31.961Z,2025-07-21
264573,Missing,18 BLUEHEAD CRESCENT LAWLEY LENASIA 1824 GT 79800121 JHB,,,No Agent,2025-05-21 11:57:44.462125+02,2025-07-21T09:06:33.957Z,2025-07-21
264575,Missing,21 BLUEHEAD CRESCENT LAWLEY LENASIA 1824 GT 79800121 JHB,,,No Agent,2025-05-21 11:57:45.202426+02,2025-07-21T09:06:33.957Z,2025-07-21
264576,Missing,579 BLUEHEAD CRESCENT LAWLEY LENASIA 1824 GT 79800121 JHB,,,No Agent,2025-05-21 11:57:45.947487+02,2025-07-21T09:06:33.957Z,2025-07-21
264577,Missing,579 BLUEHEAD CRESCENT LAWLEY LENASIA 1824 GT 79800121 JHB,,,No Agent,2025-05-21 11:57:46.554017+02,2025-07-21T09:06:33.957Z,2025-07-21
264578,Missing,579 BLUEHEAD CRESCENT LAWLEY LENASIA 1824 GT 79800121 JHB,,,No Agent,2025-05-21 11:57:47.173792+02,2025-07-21T09:06:33.957Z,2025-07-21
264579,Missing,18 BLUEHEAD CRESCENT LAWLEY LENASIA 1824 GT 79800121 JHB,,,No Agent,2025-05-21 11:57:47.887105+02,2025-07-21T09:06:33.957Z,2025-07-21
264580,Missing,18 BLUEHEAD CRESCENT LAWLEY LENASIA 1824 GT 79800121 JHB,,,No Agent,2025-05-21 11:57:48.58111+02,2025-07-21T09:06:33.957Z,2025-07-21
264581,Missing,18 BLUEHEAD CRESCENT LAWLEY LENASIA 1824 GT 79800121 JHB,,,No Agent,2025-05-21 11:57:49.084584+02,2025-07-21T09:06:33.957Z,2025-07-21
264582,Missing,579 BLUEHEAD CRESCENT LAWLEY LENASIA 1824 GT 79800121 JHB,,,No Agent,2025-05-21 11:57:49.610099+02,2025-07-21T09:06:33.957Z,2025-07-21
264583,Missing,5 WALTER ROAD LAWLEY LENASIA 1824 GT 79800121 JHB,,,No Agent,2025-05-21 11:57:50.162581+02,2025-07-21T09:06:35.557Z,2025-07-21
264584,Missing,5 WALTER ROAD LAWLEY LENASIA 1824 GT 79800121 JHB,,,No Agent,2025-05-21 11:57:50.896685+02,2025-07-21T09:06:35.557Z,2025-07-21
264585,Missing,5 WALTER ROAD LAWLEY LENASIA 1824 GT 79800121 JHB,,,No Agent,2025-05-21 11:57:51.519784+02,2025-07-21T09:06:35.557Z,2025-07-21
264586,Missing,5 WALTER ROAD LAWLEY LENASIA 1824 GT 79800121 JHB,,,No Agent,2025-05-21 11:57:52.428059+02,2025-07-21T09:06:35.557Z,2025-07-21
264587,Missing,5 WALTER ROAD LAWLEY LENASIA 1824 GT 79800121 JHB,,,No Agent,2025-05-21 11:57:53.160634+02,2025-07-21T09:06:35.557Z,2025-07-21
264588,Missing,5 WALTER ROAD LAWLEY LENASIA 1824 GT 79800121 JHB,,,No Agent,2025-05-21 11:57:54.26373+02,2025-07-21T09:06:35.557Z,2025-07-21
264589,Missing,5 WALTER ROAD LAWLEY LENASIA 1824 GT 79800121 JHB,,,No Agent,2025-05-21 11:57:54.8832+02,2025-07-21T09:06:35.557Z,2025-07-21
264590,Missing,5 WALTER ROAD LAWLEY LENASIA 1824 GT 79800121 JHB,,,No Agent,2025-05-21 11:57:55.482712+02,2025-07-21T09:06:35.557Z,2025-07-21
264591,Missing,5 WALTER ROAD LAWLEY LENASIA 1824 GT 79800121 JHB,,,No Agent,2025-05-21 11:57:56.721459+02,2025-07-21T09:06:35.557Z,2025-07-21
264592,Missing,5 WALTER ROAD LAWLEY LENASIA 1824 GT 79800121 JHB,,,No Agent,2025-05-21 11:57:57.570708+02,2025-07-21T09:06:35.557Z,2025-07-21
264593,Missing,640 BASS PLACE LAWLEY LENASIA 1824 GT 79800121 JHB,,,No Agent,2025-05-21 11:57:58.261405+02,2025-07-21T09:06:35.558Z,2025-07-21
264594,Missing,640 BASS PLACE LAWLEY LENASIA 1824 GT 79800121 JHB,,,No Agent,2025-05-21 11:57:59.02315+02,2025-07-21T09:06:35.558Z,2025-07-21
264596,Missing,640 BASS PLACE LAWLEY LENASIA 1824 GT 79800121 JHB,,,No Agent,2025-05-21 11:57:59.818023+02,2025-07-21T09:06:35.558Z,2025-07-21
264597,Missing,640 BASS PLACE LAWLEY LENASIA 1824 GT 79800121 JHB,,,No Agent,2025-05-21 11:58:00.459731+02,2025-07-21T09:06:35.558Z,2025-07-21
264598,Missing,640 BASS PLACE LAWLEY LENASIA 1824 GT 79800121 JHB,,,No Agent,2025-05-21 11:58:01.002964+02,2025-07-21T09:06:35.558Z,2025-07-21
264599,Missing,640 BASS PLACE LAWLEY LENASIA 1824 GT 79800121 JHB,,,No Agent,2025-05-21 11:58:01.731139+02,2025-07-21T09:06:35.558Z,2025-07-21
264600,Missing,640 BASS PLACE LAWLEY LENASIA 1824 GT 79800121 JHB,,,No Agent,2025-05-21 11:58:02.381974+02,2025-07-21T09:06:35.558Z,2025-07-21
264601,Missing,640 BASS PLACE LAWLEY LENASIA 1824 GT 79800121 JHB,,,No Agent,2025-05-21 11:58:03.03812+02,2025-07-21T09:06:35.558Z,2025-07-21
264602,Missing,640 BASS PLACE LAWLEY LENASIA 1824 GT 79800121 JHB,,,No Agent,2025-05-21 11:58:03.693817+02,2025-07-21T09:06:35.558Z,2025-07-21
264603,Missing,640 BASS PLACE LAWLEY LENASIA 1824 GT 79800121 JHB,,,No Agent,2025-05-21 11:58:04.388389+02,2025-07-21T09:06:35.558Z,2025-07-21
264604,Missing,640 BASS PLACE LAWLEY LENASIA 1824 GT 79800121 JHB,,,No Agent,2025-05-21 11:58:04.928306+02,2025-07-21T09:06:35.558Z,2025-07-21
264605,Missing,640 BASS PLACE LAWLEY LENASIA 1824 GT 79800121 JHB,,,No Agent,2025-05-21 11:58:05.838953+02,2025-07-21T09:06:35.558Z,2025-07-21
264606,Missing,640 BASS PLACE LAWLEY LENASIA 1824 GT 79800121 JHB,,,No Agent,2025-05-21 11:58:06.613014+02,2025-07-21T09:06:35.558Z,2025-07-21
264607,Missing,640 BASS PLACE LAWLEY LENASIA 1824 GT 79800121 JHB,,,No Agent,2025-05-21 11:58:07.265178+02,2025-07-21T09:06:35.558Z,2025-07-21
264608,Missing,640 BASS PLACE LAWLEY LENASIA 1824 GT 79800121 JHB,,,No Agent,2025-05-21 11:58:07.998804+02,2025-07-21T09:06:35.558Z,2025-07-21
264609,Missing,640 BASS PLACE LAWLEY LENASIA 1824 GT 79800121 JHB,,,No Agent,2025-05-21 11:58:08.905127+02,2025-07-21T09:06:35.558Z,2025-07-21
264610,Missing,640 BASS PLACE LAWLEY LENASIA 1824 GT 79800121 JHB,,,No Agent,2025-05-21 11:58:09.472099+02,2025-07-21T09:06:35.558Z,2025-07-21
264611,Missing,3 BASS PLACE LAWLEY LENASIA 1824 GT 79800121 JHB,,,No Agent,2025-05-21 11:58:10.171537+02,2025-07-21T09:06:35.558Z,2025-07-21
264612,Missing,617 BASS PLACE LAWLEY LENASIA 1824 GT 79800121 JHB,,,No Agent,2025-05-21 11:58:10.838854+02,2025-07-21T09:06:35.558Z,2025-07-21
264613,Missing,640 BASS PLACE LAWLEY LENASIA 1824 GT 79800121 JHB,,,No Agent,2025-05-21 11:58:11.38913+02,2025-07-21T09:06:35.558Z,2025-07-21
264614,Missing,640 BASS PLACE LAWLEY LENASIA 1824 GT 79800121 JHB,,,No Agent,2025-05-21 11:58:12.069123+02,2025-07-21T09:06:35.558Z,2025-07-21
264615,Missing,641 BASS PLACE LAWLEY LENASIA 1824 GT 79800121 JHB,,,No Agent,2025-05-21 11:58:12.798893+02,2025-07-21T09:06:35.557Z,2025-07-21
264616,Missing,641 BASS PLACE LAWLEY LENASIA 1824 GT 79800121 JHB,,,No Agent,2025-05-21 11:58:13.414664+02,2025-07-21T09:06:35.557Z,2025-07-21
264617,Missing,641 BASS PLACE LAWLEY LENASIA 1824 GT 79800121 JHB,,,No Agent,2025-05-21 11:58:14.036606+02,2025-07-21T09:06:35.557Z,2025-07-21
264618,Missing,639 BASS PLACE LAWLEY LENASIA 1824 GT 79800121 JHB,,,No Agent,2025-05-21 11:58:14.623605+02,2025-07-21T09:06:35.558Z,2025-07-21
264619,Missing,639 BASS PLACE LAWLEY LENASIA 1824 GT 79800121 JHB,,,No Agent,2025-05-21 11:58:15.219325+02,2025-07-21T09:06:35.558Z,2025-07-21
264620,Missing,619 BASS PLACE LAWLEY LENASIA 1824 GT 79800121 JHB,,,No Agent,2025-05-21 11:58:15.998811+02,2025-07-21T09:06:35.558Z,2025-07-21
264621,Missing,619 BASS PLACE LAWLEY LENASIA 1824 GT 79800121 JHB,,,No Agent,2025-05-21 11:58:19.310478+02,2025-07-21T09:06:35.558Z,2025-07-21
264647,Missing,18 BONITO CRESCENT LAWLEY LENASIA 1824 GT 79800121 JHB,,,No Agent,2025-05-21 12:12:49.526323+02,2025-07-21T09:06:33.957Z,2025-07-21
264648,Missing,34 WALTER ROAD LAWLEY LENASIA 1824 GT 79800121 JHB,,,No Agent,2025-05-21 12:13:01.567158+02,2025-07-21T09:06:33.957Z,2025-07-21
264772,Missing,583 BLUEHEAD CRESCENT LAWLEY LENASIA 1824 GT 79800121 JHB,,,No Agent,2025-05-21 13:36:37.191982+02,2025-07-21T09:06:33.957Z,2025-07-21
264773,Missing,21 BLUEHEAD CRESCENT LAWLEY LENASIA 1824 GT 79800121 JHB,,,No Agent,2025-05-21 13:36:37.50139+02,2025-07-21T09:06:33.957Z,2025-07-21
264774,Missing,3 MARLIN CRESCENT LAWLEY LENASIA 1824 GT 79800121 JHB,,,No Agent,2025-05-21 13:36:38.009815+02,2025-07-21T09:06:36.119Z,2025-07-21
264775,Missing,40 MUSSEL CRACKER CRESCENT LAWLEY LENASIA 1824 GT 79800121 JHB,-26.3930423917696,27.8143178466025,No Agent,2025-05-21 13:36:39.251845+02,2025-07-21T07:55:55.618Z,2025-07-21
